{"Satellite Initial Position": [14031901.4, 14031901.4], "Satellite Initial Velocity": 6, "Satellite Mass": 3000, "Satellite Drag Coefficient": 2.2, "Initial Time": 946684800.0, "Satellite Readings Interval": 100.0, "XYZ Collision": [4510022.185679435, 4510022.185679435], "Angle of Collision": 0.7853981633974483, "Time of Collision (s since epoch)": 946689468.7}