{"Satellite Initial Position": [2910.978, 4907.058, 3674.05], "Satellite Initial Velocity": [-0.0, -0.0, 0.0], "Satellite Mass": 3000, "Satellite Drag Coefficient": 2.2, "Initial Time": 946684800.0, "XYZ Collision": [2733.1541654575904, 4607.299047926503, 3449.612159896596], "LatLong Collision": [0.9986887450177807, 1.0353750730217839], "Time of Collision (s since epoch)": 946685106.3}