{"Satellite Initial Position": [2712.6551764638343, 4587.636575685151, 4200.8032476907065], "Satellite Initial Velocity": [2.399759061709798, -5.156051093844014, 4.081212266399735], "Satellite Mass": 3000, "Satellite Drag Coefficient": 2.2, "Initial Time": 946684800.0, "XYZ Collision": [3320.3825932299064, -640.5261029240022, 5389.705808386562], "LatLong Collision": [0.5603363356234502, -0.190566465217953], "Time of Collision (s since epoch)": 946685582.6}