{"Satellite Initial Position": [14031901.4, 14031901.4], "Satellite Initial Velocity": 0, "Satellite Mass": 3000, "Satellite Drag Coefficient": 2.2, "Initial Time": 946684800.0, "Satellite Readings Interval": 100.0, "XYZ Collision": [4510020.664153351, 4510020.664153351], "Angle of Collision": 0.7853981633974483, "Time of Collision (s since epoch)": 946689462.8}