{"Satellite Initial Position": [3549.389, 4678.767, 3400.386], "Satellite Initial Velocity": [-1.4224113161287568, 4.094338655127304, -4.148871777348536], "Satellite Mass": 3000, "Satellite Drag Coefficient": 2.2, "Initial Time": 946684860.0, "XYZ Collision": [2333.9722634451596, 5860.884954636368, 936.4456707213318], "LatLong Collision": [1.4234309628891648, 1.1918179135166669], "Time of Collision (s since epoch)": 946685352.9}