{"Satellite Initial Position": [5333.588323694014, 3196.686236577762, 2717.6622455702936], "Satellite Initial Velocity": [3.851194276082219, -1.6610429669223692, -5.6043946069053066], "Satellite Mass": 3000, "Satellite Drag Coefficient": 2.2, "Initial Time": 946684800.0, "XYZ Collision": [5972.535684588184, 915.5595272404532, -2035.3894050321662], "LatLong Collision": [1.8957144011661549, 0.1521108193704023], "Time of Collision (s since epoch)": 946685569.8}