{"Satellite Initial Position": [2859.9108634368126, 5582.6412957063885, 2589.7261244075194], "Satellite Initial Velocity": [-0.516420552798563, -2.29578747899142, 5.5192997439850515], "Satellite Mass": 3000, "Satellite Drag Coefficient": 2.2, "Initial Time": 1715193200.0, "XYZ Collision": [2158.5238993212515, 3605.385282294917, 4781.942816794951], "LatLong Collision": [0.7209515372133144, 1.0313373956440173], "Time of Collision (s since epoch)": 1715193699.9}