{"Satellite Initial Position": [3184.659, 5337.629, 2723.842], "Satellite Initial Velocity": [-1.027632825069123, -1.723857668129869, 4.579550798590436], "Satellite Mass": 3000, "Satellite Drag Coefficient": 2.2, "Initial Time": 946684800.0, "XYZ Collision": [2440.4950093916405, 4089.7896115749472, 4228.074662086754], "LatLong Collision": [0.8447819646341834, 1.0327856351366493], "Time of Collision (s since epoch)": 946685207.2}