{"Satellite Initial Position": [1898.499, 4848.915, 4351.481], "Satellite Initial Velocity": [1.60414362641825, 4.192267617690205, -5.371369978644907], "Satellite Mass": 3000, "Satellite Drag Coefficient": 2.2, "Initial Time": 946684800.0, "XYZ Collision": [2283.8637993465377, 5896.931263964489, -828.1919997237723], "LatLong Collision": [1.70102047038443, 1.201288546116675], "Time of Collision (s since epoch)": 946685568.0}