{"Satellite Initial Position": [5667.463120128488, 1266.7419522182158, 4551.058360342443], "Satellite Initial Velocity": [1.9600885988174592, 2.3616755029546663, 1.6846588074079187], "Satellite Mass": 3000, "Satellite Drag Coefficient": 2.2, "Initial Time": 1715193200.0, "XYZ Collision": [4381.800400879347, 2868.7109887214942, 3627.359530333689], "LatLong Collision": [], "Time of Collision (s since epoch)": 1715194426.8}