{"Satellite Initial Position": [2339.824826780421, 4939.729032685168, 4021.933893837419], "Satellite Initial Velocity": [4.015777108484026, -3.800030396630853, 2.3309447011152464], "Satellite Mass": 3000, "Satellite Drag Coefficient": 2.2, "Initial Time": 1715193200.0, "XYZ Collision": [3860.3283051028297, 2360.630013887965, 4479.909923118069], "LatLong Collision": [0.790394210828233, 0.5488399008073656], "Time of Collision (s since epoch)": 1715193699.0}