{"Satellite Initial Position": [0, 0, 7378.137], "Satellite Initial Velocity": [2.449489742783178, 6.48074069840786, 0], "Satellite Mass": 3000, "Satellite Drag Coefficient": 2.2, "Initial Time": 1715193200.0, "XYZ Collision": [2180.963731862162, 5770.289075823551, -1615.4195798436306], "LatLong Collision": [], "Time of Collision (s since epoch)": 1715194945.8}