{"Satellite Initial Position": [963.0120426881069, 3084.3626393059153, 5967.492798291468], "Satellite Initial Velocity": [-5.641272066269103, -1.2958439492484426, 1.580138580482143], "Satellite Mass": 3000, "Satellite Drag Coefficient": 2.2, "Initial Time": 1715193200.0, "XYZ Collision": [-1872.0809416475731, 1969.1935811765518, 5750.971603403256], "LatLong Collision": [], "Time of Collision (s since epoch)": 1715193703.1}