{"Satellite Initial Position": [6786.137, 0.0, 0.0], "Satellite Initial Velocity": [0, 7, 0], "Satellite Mass": 3000, "Satellite Drag Coefficient": 2.2, "Initial Time": 1715193200.0, "XYZ Collision": [4323.273114129172, 4689.251579723471, 0.0], "LatLong Collision": [], "Time of Collision (s since epoch)": 1715193967.7}