{"Satellite Initial Position": [0, 0, 6784.137], "Satellite Initial Velocity": [4.416729559300638, 5.4093668760770885, 0], "Satellite Mass": 3000, "Satellite Drag Coefficient": 2.2, "Initial Time": 1715193200.0, "XYZ Collision": [2950.128800582017, 3613.1555906967806, 4335.35405130463], "LatLong Collision": [], "Time of Collision (s since epoch)": 1715193964.9}