{"Satellite Initial Position": [0, 0, 7378.137], "Satellite Initial Velocity": [4.416729559300638, 5.4093668760770885, 0], "Satellite Mass": 3000, "Satellite Drag Coefficient": 2.2, "Initial Time": 1715193200.0, "XYZ Collision": [3567.184714693955, 4368.892318041378, -2967.9166023256253], "LatLong Collision": [], "Time of Collision (s since epoch)": 1715195140.4}