{"Satellite Initial Position": [0, 7378137], "Satellite Initial Velocity": 7000, "Satellite Mass": 3000, "Satellite Drag Coefficient": 2.2, "Initial Time": 1715193200.0, "Satellite Readings Interval": 100.0, "XYZ Collision": [-1.871687438593082e-10, 6378134.006683966], "Angle of Collision": 1.5707963267948966, "Time of Collision (s since epoch)": 1715197902.8}