{"Satellite Initial Position": [911.1768306220615, 4534.809523386051, 4965.572953115652], "Satellite Initial Velocity": [-1.6146589311691062, -4.1164201097441975, 4.055608710919904], "Satellite Mass": 3000, "Satellite Drag Coefficient": 2.2, "Initial Time": 1715193200.0, "XYZ Collision": [-5.5791096370452715, 1837.5187093684028, 6087.171621055399], "LatLong Collision": [0.29317040477178274, 1.6106067155891253], "Time of Collision (s since epoch)": 1715193704.3}