{"Satellite Initial Position": [5105.896900036665, 3799.4023056850233, 2354.9977385382563], "Satellite Initial Velocity": [0.22557155655008662, -4.4298375761064035, 6.657751611632213], "Satellite Mass": 3000, "Satellite Drag Coefficient": 2.2, "Initial Time": 1715193200.0, "XYZ Collision": [-5845.58831692319, -2886.2590485820783, -4782.380808669087], "LatLong Collision": [], "Time of Collision (s since epoch)": 1715203200.0}